top_1_hit_rate,top_3_hit_rate,top_5_hit_rate,top_10_hit_rate,precision_at_1_topk,precision_at_3_topk,precision_at_5_topk,precision_at_10_topk,mean_abs_rank_error_at_1,mean_abs_rank_error_at_3,mean_abs_rank_error_at_5,mean_abs_rank_error_at_10,true_mvp_avg_rank,true_mvp_min_rank,true_mvp_max_rank,true_mvp_correct_count,true_mvp_total
0.41304347826086957,0.6304347826086957,0.7391304347826086,0.8478260869565217,0.8478260869565217,0.673913043478261,0.5782608695652173,0.4777777777777777,3.0652173913043477,4.652173913043478,4.791304347826087,4.158695652173913,5.195652173913044,1,52,19,46
