top_1_hit_rate,top_3_hit_rate,top_5_hit_rate,top_10_hit_rate,precision_at_1_topk,precision_at_3_topk,precision_at_5_topk,precision_at_10_topk,mean_abs_rank_error_at_1,mean_abs_rank_error_at_3,mean_abs_rank_error_at_5,mean_abs_rank_error_at_10,true_mvp_avg_rank,true_mvp_min_rank,true_mvp_max_rank,true_mvp_correct_count,true_mvp_total
0.8260869565217391,0.8695652173913043,0.9130434782608695,0.9782608695652174,0.9782608695652174,0.898550724637681,0.8347826086956521,0.6659420289855074,0.7391304347826086,2.1884057971014497,2.8260869565217392,2.8565217391304345,1.7608695652173914,1,11,38,46
